{
 "retrieval-image-val": [
  0.2475,
  0.228016,
  0.35369,
  0.18399,
  0.215584,
  0.075556,
  0.0,
  0.0,
  0.0,
  0.0,
  0.0
 ],
 "reasoning-image-val": [
  0.516104,
  0.491667,
  0.493077,
  0.346667,
  0.413968,
  0.420256,
  0.092222,
  0.0,
  0.0,
  0.0,
  0.0
 ],
 "retrieval-text-val": [
  0.838095,
  0.8329,
  0.580128,
  0.292385,
  0.125,
  0.054286,
  0.022222,
  0.0,
  0.0,
  0.0,
  0.0
 ],
 "counting-text-val": [
  0.299951,
  0.241859,
  0.129293,
  0.127477,
  0.04,
  0.0,
  0.0,
  0.0,
  0.0,
  0.0,
  0.0
 ],
 "counting-image-val": [
  0.0,
  0.015476,
  0.037608,
  0.088747,
  0.074745,
  0.030661,
  0.0,
  0.0,
  0.0,
  0.0,
  0.0
 ],
 "reasoning-text-val": [
  0.665909,
  0.496632,
  0.329145,
  0.371429,
  0.227071,
  0.079545,
  0.0,
  0.0,
  0.0,
  0.0,
  0.0
 ],
 "overall": [
  0.427927,
  0.384425,
  0.32049,
  0.235116,
  0.182728,
  0.110051,
  0.019074,
  0.0,
  0.0,
  0.0,
  0.0
 ],
 "context_ranges": [
  "1k",
  "2k",
  "4k",
  "8k",
  "12k",
  "16k",
  "24k",
  "32k",
  "40k",
  "48k",
  "64k"
 ]
}