{
 "counting-text-test": [
  0.083622,
  0.055777,
  0.050026,
  0.049198,
  0.0,
  0.0,
  0.0,
  0.0,
  0.0,
  0.0,
  0.0
 ],
 "reasoning-image-test": [
  0.555534,
  0.503883,
  0.517152,
  0.52388,
  0.555147,
  0.303246,
  0.061487,
  0.011189,
  0.005263,
  0.0,
  0.0
 ],
 "retrieval-text-test": [
  0.936545,
  0.866464,
  0.592412,
  0.384694,
  0.15246,
  0.067575,
  0.008801,
  0.0,
  0.007407,
  0.0,
  0.0
 ],
 "counting-image-test": [
  0.0,
  0.032243,
  0.044218,
  0.050891,
  0.076845,
  0.003493,
  0.0,
  0.0,
  0.0,
  0.0,
  0.0
 ],
 "retrieval-image-test": [
  0.288077,
  0.291127,
  0.311465,
  0.247008,
  0.298178,
  0.096003,
  0.0,
  0.0,
  0.0,
  0.0,
  0.0
 ],
 "reasoning-text-test": [
  0.649093,
  0.530972,
  0.474413,
  0.352308,
  0.253607,
  0.048585,
  0.012169,
  0.0,
  0.0,
  0.0,
  0.003509
 ],
 "overall": [
  0.418812,
  0.380078,
  0.331614,
  0.267997,
  0.222706,
  0.086484,
  0.013743,
  0.001865,
  0.002112,
  0.0,
  0.000585
 ],
 "context_ranges": [
  "1k",
  "2k",
  "4k",
  "8k",
  "12k",
  "16k",
  "24k",
  "32k",
  "40k",
  "48k",
  "64k"
 ]
}