{
 "reasoning-image-test": [
  0.587879,
  0.553567,
  0.522067,
  0.556695,
  0.480992,
  0.291605,
  0.0,
  0.0,
  0.0,
  0.0,
  0.0
 ],
 "counting-text-test": [
  0.503408,
  0.380872,
  0.231374,
  0.066773,
  0.031523,
  0.001504,
  0.0,
  0.0,
  0.0,
  0.0,
  0.0
 ],
 "reasoning-text-test": [
  0.764608,
  0.697086,
  0.617863,
  0.435519,
  0.278194,
  0.046175,
  0.0,
  0.0,
  0.0,
  0.0,
  0.0
 ],
 "retrieval-image-test": [
  0.573184,
  0.515404,
  0.433537,
  0.346176,
  0.230929,
  0.097811,
  0.0,
  0.0,
  0.0,
  0.0,
  0.0
 ],
 "retrieval-text-test": [
  0.984609,
  0.965103,
  0.898901,
  0.773082,
  0.538483,
  0.042548,
  0.0,
  0.0,
  0.0,
  0.0,
  0.0
 ],
 "counting-image-test": [
  0.027955,
  0.067778,
  0.000377,
  0.000225,
  0.028459,
  0.009736,
  0.0,
  0.0,
  0.0,
  0.0,
  0.0
 ],
 "overall": [
  0.573607,
  0.529968,
  0.450686,
  0.363078,
  0.264763,
  0.081563,
  0.0,
  0.0,
  0.0,
  0.0,
  0.0
 ],
 "context_ranges": [
  "1k",
  "2k",
  "4k",
  "8k",
  "12k",
  "16k",
  "24k",
  "32k",
  "40k",
  "48k",
  "64k"
 ]
}