{
 "reasoning-image-val": [
  0.538442,
  0.521667,
  0.401026,
  0.443838,
  0.446984,
  0.327529,
  0.0,
  0.0,
  0.0,
  0.0,
  0.0
 ],
 "counting-image-val": [
  0.081905,
  0.039286,
  0.0,
  0.007273,
  0.059821,
  0.033142,
  0.0,
  0.0,
  0.0,
  0.0,
  0.0
 ],
 "reasoning-text-val": [
  0.805303,
  0.851737,
  0.611624,
  0.557857,
  0.490909,
  0.0,
  0.0,
  0.0,
  0.0,
  0.0,
  0.0
 ],
 "retrieval-image-val": [
  0.387381,
  0.263452,
  0.44631,
  0.284949,
  0.179221,
  0.171111,
  0.0,
  0.0,
  0.0,
  0.0,
  0.0
 ],
 "retrieval-text-val": [
  0.977778,
  0.967532,
  0.952564,
  0.782564,
  0.5,
  0.068571,
  0.0,
  0.0,
  0.0,
  0.0,
  0.0
 ],
 "counting-text-val": [
  0.565689,
  0.472499,
  0.283061,
  0.168555,
  0.022222,
  0.0,
  0.0,
  0.0,
  0.0,
  0.0,
  0.0
 ],
 "overall": [
  0.559416,
  0.519362,
  0.449097,
  0.374173,
  0.283193,
  0.100059,
  0.0,
  0.0,
  0.0,
  0.0,
  0.0
 ],
 "context_ranges": [
  "1k",
  "2k",
  "4k",
  "8k",
  "12k",
  "16k",
  "24k",
  "32k",
  "40k",
  "48k",
  "64k"
 ]
}