{
 "retrieval-text-val": [
  0.815873,
  0.869264,
  0.380513,
  0.144678,
  0.175,
  0.0125,
  0.0,
  0.0,
  0.0,
  0.0,
  0.0
 ],
 "counting-text-val": [
  0.41492,
  0.067316,
  0.022222,
  0.057071,
  0.022222,
  0.018182,
  0.0,
  0.0,
  0.0,
  0.0,
  0.0
 ],
 "reasoning-image-val": [
  0.43039,
  0.273333,
  0.316923,
  0.435354,
  0.320952,
  0.033333,
  0.0,
  0.0,
  0.0,
  0.0,
  0.0
 ],
 "counting-image-val": [
  0.028571,
  0.0,
  0.0,
  0.0,
  0.0,
  0.0,
  0.0,
  0.0,
  0.0,
  0.0,
  0.0
 ],
 "reasoning-text-val": [
  0.768939,
  0.703462,
  0.193932,
  0.175714,
  0.148889,
  0.018182,
  0.0,
  0.0,
  0.0,
  0.0,
  0.0
 ],
 "retrieval-image-val": [
  0.250238,
  0.257302,
  0.201667,
  0.295253,
  0.122078,
  0.0,
  0.0,
  0.0,
  0.0,
  0.0,
  0.0
 ],
 "overall": [
  0.451489,
  0.361779,
  0.185876,
  0.184678,
  0.131523,
  0.0137,
  0.0,
  0.0,
  0.0,
  0.0,
  0.0
 ],
 "context_ranges": [
  "1k",
  "2k",
  "4k",
  "8k",
  "12k",
  "16k",
  "24k",
  "32k",
  "40k",
  "48k",
  "64k"
 ]
}