{
 "reasoning-text-test": [
  0.736418,
  0.481299,
  0.171004,
  0.116585,
  0.101245,
  0.012275,
  0.0,
  0.0,
  0.0,
  0.0,
  0.0
 ],
 "counting-image-test": [
  0.435124,
  0.251004,
  0.008467,
  0.007539,
  0.006697,
  0.000704,
  0.0,
  0.0,
  0.0,
  0.0,
  0.0
 ],
 "reasoning-image-test": [
  0.498244,
  0.270944,
  0.256239,
  0.356378,
  0.353328,
  0.026607,
  0.0,
  0.0,
  0.0,
  0.0,
  0.0
 ],
 "counting-text-test": [
  0.471267,
  0.322409,
  0.044554,
  0.021128,
  0.009976,
  0.0,
  0.0,
  0.0,
  0.0,
  0.0,
  0.0
 ],
 "retrieval-text-test": [
  0.950389,
  0.90677,
  0.318467,
  0.118118,
  0.151496,
  0.029876,
  0.0,
  0.0,
  0.0,
  0.0,
  0.0
 ],
 "retrieval-image-test": [
  0.267421,
  0.214707,
  0.219922,
  0.225565,
  0.238313,
  0.002985,
  0.0,
  0.0,
  0.0,
  0.0,
  0.0
 ],
 "overall": [
  0.559811,
  0.407855,
  0.169775,
  0.140885,
  0.143509,
  0.012075,
  0.0,
  0.0,
  0.0,
  0.0,
  0.0
 ],
 "context_ranges": [
  "1k",
  "2k",
  "4k",
  "8k",
  "12k",
  "16k",
  "24k",
  "32k",
  "40k",
  "48k",
  "64k"
 ]
}