{
 "retrieval-image-test": [
  0.263003,
  0.23556,
  0.148038,
  0.007143,
  0.0,
  0.0,
  0.0,
  0.0,
  0.0,
  0.0,
  0.0
 ],
 "reasoning-text-test": [
  0.487365,
  0.475251,
  0.311334,
  0.128181,
  0.0,
  0.0,
  0.0,
  0.0,
  0.0,
  0.0,
  0.0
 ],
 "reasoning-image-test": [
  0.542556,
  0.408588,
  0.371883,
  0.176201,
  0.05125,
  0.0,
  0.0,
  0.0,
  0.0,
  0.0,
  0.0
 ],
 "counting-image-test": [
  0.046802,
  0.033734,
  0.007552,
  0.008527,
  0.0,
  0.0,
  0.0,
  0.0,
  0.0,
  0.0,
  0.0
 ],
 "counting-text-test": [
  0.339829,
  0.261476,
  0.069186,
  0.014192,
  0.0,
  0.0,
  0.0,
  0.0,
  0.0,
  0.0,
  0.0
 ],
 "retrieval-text-test": [
  0.653058,
  0.542577,
  0.185805,
  0.03943,
  0.0,
  0.0,
  0.0,
  0.0,
  0.0,
  0.0,
  0.0
 ],
 "overall": [
  0.388769,
  0.326198,
  0.1823,
  0.062279,
  0.008542,
  0.0,
  0.0,
  0.0,
  0.0,
  0.0,
  0.0
 ],
 "context_ranges": [
  "1k",
  "2k",
  "4k",
  "8k",
  "12k",
  "16k",
  "24k",
  "32k",
  "40k",
  "48k",
  "64k"
 ]
}