{
 "counting-text-val": [
  0.0,
  0.0,
  0.0,
  0.0,
  0.0,
  0.0,
  0.0,
  0.0,
  0.0,
  0.0,
  0.0
 ],
 "reasoning-image-val": [
  0.570649,
  0.375,
  0.42359,
  0.249495,
  0.101905,
  0.0,
  0.0,
  0.0,
  0.0,
  0.0,
  0.0
 ],
 "retrieval-image-val": [
  0.27131,
  0.248016,
  0.29,
  0.0,
  0.0,
  0.0,
  0.0,
  0.0,
  0.0,
  0.0,
  0.0
 ],
 "counting-image-val": [
  0.0,
  0.0,
  0.012121,
  0.0,
  0.0,
  0.0,
  0.0,
  0.0,
  0.0,
  0.0,
  0.0
 ],
 "reasoning-text-val": [
  0.606061,
  0.555198,
  0.287436,
  0.148571,
  0.0,
  0.0,
  0.0,
  0.0,
  0.0,
  0.0,
  0.0
 ],
 "retrieval-text-val": [
  0.765079,
  0.48658,
  0.33359,
  0.042222,
  0.0,
  0.0,
  0.0,
  0.0,
  0.0,
  0.0,
  0.0
 ],
 "overall": [
  0.36885,
  0.277466,
  0.224456,
  0.073381,
  0.016984,
  0.0,
  0.0,
  0.0,
  0.0,
  0.0,
  0.0
 ],
 "context_ranges": [
  "1k",
  "2k",
  "4k",
  "8k",
  "12k",
  "16k",
  "24k",
  "32k",
  "40k",
  "48k",
  "64k"
 ]
}