{
    "counting-image-test": [
        0.978832893310234,
        1.0,
        0.9416666666666667,
        1.0,
        0.9857142857142858,
        0.9636363636363636,
        0.9948717948717949,
        0.9882352941176471,
        0.9811688311688311,
        0.9778880070546737,
        0.9876181166503748
    ],
    "reasoning-image-test": [
        1.0,
        1.0,
        0.9780326545003477,
        1.0,
        0.9563496065747599,
        1.0,
        1.0,
        1.0,
        0.9756471546126615,
        1.0,
        1.0
    ],
    "retrieval-text-test": [
        1.0,
        1.0,
        1.0,
        1.0,
        1.0,
        1.0,
        1.0,
        1.0,
        1.0,
        1.0,
        1.0
    ],
    "counting-text-test": [
        1.0,
        0.9866666666666667,
        0.9866666666666667,
        1.0,
        0.9866666666666667,
        1.0,
        1.0,
        1.0,
        0.9904761904761905,
        1.0,
        0.9793650793650792
    ],
    "reasoning-text-test": [
        1.0,
        0.9805624830343644,
        0.9841842595818561,
        0.9755401998026898,
        1.0,
        0.9804251742376348,
        1.0,
        1.0,
        1.0,
        0.9796205327440903,
        0.977124183006536
    ],
    "retrieval-image-test": [
        1.0,
        0.9777777777777779,
        0.9800000000000001,
        0.9618098735440714,
        0.9777777777777779,
        0.9777777777777779,
        1.0,
        0.9777777777777779,
        1.0,
        0.9577777777777777,
        0.9725225225225225
    ],
    "overall": [
        1.0025188458619043,
        0.998510060735352,
        0.9902777777777777,
        0.9993045998291387,
        0.9867792323472252,
        0.9987052116980348,
        1.0040666599926291,
        1.0018551992605251,
        0.9952741702741702,
        0.9931620674054525,
        0.993356773195483
    ],
    "context_ranges": [
        "1k",
        "2k",
        "4k",
        "8k",
        "12k",
        "16k",
        "24k",
        "32k",
        "40k",
        "48k",
        "64k"
    ]
}