{
    "retrieval-text-test": [
        0.989744,
        0.997143,
        0.963089,
        0.953714,
        0.963811,
        0.971448,
        0.977668,
        0.951641,
        0.934349,
        0.979654,
        0.963503
    ],
    "counting-text-test": [
        0.676107,
        0.599536,
        0.467223,
        0.472843,
        0.330283,
        0.269627,
        0.242977,
        0.202362,
        0.131618,
        0.088342,
        0.053542
    ],
    "retrieval-image-test": [
        0.249691,
        0.24397,
        0.263648,
        0.237448,
        0.325027,
        0.250973,
        0.271007,
        0.220826,
        0.26701,
        0.245308,
        0.260984
    ],
    "counting-image-test": [
        0.30647,
        0.16648,
        0.060862,
        0.00553,
        0.00465,
        0.002204,
        0.000223,
        0.000151,
        0.0,
        7.8e-05,
        9.2e-05
    ],
    "reasoning-image-test": [
        0.492173,
        0.528138,
        0.495148,
        0.513384,
        0.489795,
        0.543524,
        0.539549,
        0.456928,
        0.477976,
        0.512198,
        0.505396
    ],
    "reasoning-text-test": [
        0.856256,
        0.783012,
        0.757377,
        0.603092,
        0.645546,
        0.656051,
        0.618292,
        0.576362,
        0.600468,
        0.644023,
        0.571756
    ],
    "overall": [
        0.595074,
        0.553047,
        0.501225,
        0.464335,
        0.459852,
        0.448971,
        0.441619,
        0.401378,
        0.401903,
        0.411601,
        0.392545
    ],
    "context_ranges": [
        "1k",
        "2k",
        "4k",
        "8k",
        "12k",
        "16k",
        "24k",
        "32k",
        "40k",
        "48k",
        "64k"
    ]
}