{
    "reasoning-text-val": [
        0.810606,
        0.837331,
        0.726838,
        0.719286,
        0.538586,
        0.565404,
        0.740837,
        0.80754,
        0.740952,
        0.809524,
        0.718889
    ],
    "reasoning-image-val": [
        0.497143,
        0.6,
        0.525128,
        0.572929,
        0.599683,
        0.437995,
        0.608333,
        0.668254,
        0.446667,
        0.506623,
        0.677685
    ],
    "retrieval-image-val": [
        0.182738,
        0.295,
        0.23119,
        0.194293,
        0.14026,
        0.253333,
        0.265657,
        0.280556,
        0.357143,
        0.269869,
        0.404545
    ],
    "counting-image-val": [
        0.273571,
        0.179004,
        0.018182,
        0.0,
        0.0,
        0.0,
        0.0,
        0.0,
        0.0,
        0.0,
        0.0
    ],
    "counting-text-val": [
        0.663819,
        0.668963,
        0.600907,
        0.622258,
        0.4275,
        0.352037,
        0.339418,
        0.166667,
        0.368889,
        0.173148,
        0.088632
    ],
    "retrieval-text-val": [
        0.893651,
        0.953247,
        0.983333,
        0.966667,
        0.911111,
        0.98,
        0.915873,
        0.96,
        0.966667,
        1.0,
        0.922222
    ],
    "overall": [
        0.553588,
        0.588924,
        0.514263,
        0.512572,
        0.43619,
        0.431461,
        0.478353,
        0.480503,
        0.480053,
        0.459861,
        0.468662
    ],
    "context_ranges": [
        "1k",
        "2k",
        "4k",
        "8k",
        "12k",
        "16k",
        "24k",
        "32k",
        "40k",
        "48k",
        "64k"
    ]
}