{
 "reasoning-image-val": [
  0.497143,
  0.6,
  0.525128,
  0.490303,
  0.588254,
  0.615268,
  0.555556,
  0.65873,
  0.4,
  0.653463,
  0.497451
 ],
 "counting-image-val": [
  0.273571,
  0.179004,
  0.018182,
  0.006923,
  0.0,
  0.0,
  0.0,
  0.0,
  0.0,
  0.0,
  0.0
 ],
 "counting-text-val": [
  0.663819,
  0.668963,
  0.600907,
  0.580411,
  0.599907,
  0.411611,
  0.248201,
  0.1,
  0.086667,
  0.048148,
  0.076353
 ],
 "reasoning-text-val": [
  0.810606,
  0.837331,
  0.726838,
  0.623571,
  0.537172,
  0.390152,
  0.499711,
  0.369841,
  0.607619,
  0.50873,
  0.435556
 ],
 "retrieval-image-val": [
  0.182738,
  0.295,
  0.23119,
  0.17303,
  0.205195,
  0.437222,
  0.331515,
  0.227778,
  0.219048,
  0.284105,
  0.340909
 ],
 "retrieval-text-val": [
  0.893651,
  0.953247,
  0.983333,
  0.966667,
  0.944444,
  0.891429,
  0.88254,
  0.926984,
  0.72,
  0.76619,
  0.743333
 ],
 "overall": [
  0.553588,
  0.588924,
  0.514263,
  0.473484,
  0.479162,
  0.457614,
  0.419587,
  0.380555,
  0.338889,
  0.376773,
  0.348934
 ],
 "context_ranges": [
  "1k",
  "2k",
  "4k",
  "8k",
  "12k",
  "16k",
  "24k",
  "32k",
  "40k",
  "48k",
  "64k"
 ]
}