{
 "retrieval-image-test": [
  0.249691,
  0.24397,
  0.263648,
  0.261903,
  0.330606,
  0.314276,
  0.313751,
  0.285174,
  0.252222,
  0.305544,
  0.1555
 ],
 "counting-text-test": [
  0.676107,
  0.599536,
  0.467223,
  0.467772,
  0.333297,
  0.280079,
  0.169693,
  0.083247,
  0.044773,
  0.084438,
  0.054474
 ],
 "reasoning-image-test": [
  0.492173,
  0.528138,
  0.495148,
  0.501108,
  0.512724,
  0.484548,
  0.532171,
  0.483425,
  0.460752,
  0.510529,
  0.277263
 ],
 "reasoning-text-test": [
  0.856256,
  0.783012,
  0.757377,
  0.593099,
  0.605572,
  0.521487,
  0.448535,
  0.324258,
  0.332532,
  0.299133,
  0.121518
 ],
 "retrieval-text-test": [
  0.989744,
  0.997143,
  0.963089,
  0.950826,
  0.923118,
  0.908689,
  0.905783,
  0.810138,
  0.813196,
  0.797405,
  0.385757
 ],
 "counting-image-test": [
  0.30647,
  0.16648,
  0.060862,
  0.007155,
  0.004891,
  0.002751,
  0.000172,
  0.0,
  0.0,
  0.0,
  0.0
 ],
 "overall": [
  0.595074,
  0.553046,
  0.501225,
  0.463644,
  0.451701,
  0.418638,
  0.395018,
  0.33104,
  0.317246,
  0.332842,
  0.165752
 ],
 "context_ranges": [
  "1k",
  "2k",
  "4k",
  "8k",
  "12k",
  "16k",
  "24k",
  "32k",
  "40k",
  "48k",
  "64k"
 ]
}