{
 "retrieval-text-val": [
  0.922222,
  0.918398,
  0.966667,
  0.927778,
  0.888333,
  0.857778,
  0.971429,
  0.908333,
  0.9,
  0.903636,
  0.906927
 ],
 "counting-text-val": [
  0.834822,
  0.808862,
  0.810049,
  0.852024,
  0.734537,
  0.799417,
  0.733056,
  0.762262,
  0.696667,
  0.669697,
  0.745687
 ],
 "retrieval-image-val": [
  0.832857,
  0.903056,
  0.859405,
  0.689343,
  0.841732,
  0.736234,
  0.722294,
  0.814444,
  0.513333,
  0.727381,
  0.658808
 ],
 "counting-image-val": [
  0.694048,
  0.522944,
  0.231602,
  0.164066,
  0.213669,
  0.128871,
  0.086665,
  0.122872,
  0.041275,
  0.013678,
  0.031346
 ],
 "reasoning-image-val": [
  0.631688,
  0.566667,
  0.505641,
  0.642857,
  0.565079,
  0.619242,
  0.52,
  0.516667,
  0.443333,
  0.654524,
  0.516364
 ],
 "reasoning-text-val": [
  0.845455,
  0.927564,
  0.802393,
  0.840659,
  0.786667,
  0.774596,
  0.767605,
  0.758333,
  0.86,
  0.835606,
  0.818836
 ],
 "overall": [
  0.793515,
  0.774582,
  0.69596,
  0.686121,
  0.67167,
  0.65269,
  0.633508,
  0.647152,
  0.575768,
  0.634087,
  0.612995
 ],
 "context_ranges": [
  "1k",
  "2k",
  "4k",
  "8k",
  "12k",
  "16k",
  "24k",
  "32k",
  "40k",
  "48k",
  "64k"
 ]
}