{
    "counting-image-test": [
        0.521206,
        0.298489,
        0.169638,
        0.103863,
        0.069205,
        0.083039,
        0.060098,
        0.063091,
        0.050127,
        0.036054,
        0.023853
    ],
    "reasoning-image-test": [
        0.395994,
        0.388892,
        0.451322,
        0.523315,
        0.496969,
        0.491053,
        0.457245,
        0.53671,
        0.609184,
        0.541314,
        0.518235
    ],
    "retrieval-text-test": [
        0.928313,
        0.89559,
        0.891869,
        0.894695,
        0.873043,
        0.850078,
        0.879198,
        0.867913,
        0.871011,
        0.860105,
        0.855429
    ],
    "counting-text-test": [
        0.904477,
        0.85873,
        0.825186,
        0.79044,
        0.795108,
        0.791176,
        0.753952,
        0.711957,
        0.701165,
        0.741384,
        0.717996
    ],
    "reasoning-text-test": [
        0.950144,
        0.878804,
        0.845532,
        0.875933,
        0.831479,
        0.743806,
        0.786359,
        0.72492,
        0.702937,
        0.665112,
        0.64155
    ],
    "retrieval-image-test": [
        0.17897,
        0.176761,
        0.22665,
        0.235398,
        0.259405,
        0.263798,
        0.276896,
        0.207972,
        0.216363,
        0.196001,
        0.228593
    ],
    "overall": [
        0.646517,
        0.582878,
        0.568366,
        0.570607,
        0.554202,
        0.537158,
        0.535625,
        0.51876,
        0.525131,
        0.506662,
        0.497609
    ],
    "context_ranges": [
        "1k",
        "2k",
        "4k",
        "8k",
        "12k",
        "16k",
        "24k",
        "32k",
        "40k",
        "48k",
        "64k"
    ]
}