{
    "reasoning-image-val": [
        0.610649,
        0.598333,
        0.614359,
        0.631111,
        0.550159,
        0.610886,
        0.615556,
        0.409524,
        0.56,
        0.593225,
        0.59826
    ],
    "counting-text-val": [
        0.804303,
        0.738877,
        0.672352,
        0.60377,
        0.7125,
        0.721214,
        0.714392,
        0.629167,
        0.675556,
        0.63433,
        0.628319
    ],
    "reasoning-text-val": [
        0.89697,
        0.926282,
        0.755897,
        0.83,
        0.768081,
        0.820707,
        0.908081,
        0.899206,
        0.931429,
        0.859524,
        0.814444
    ],
    "retrieval-text-val": [
        0.977778,
        0.983333,
        1.0,
        1.0,
        0.966667,
        1.0,
        0.977778,
        1.0,
        0.966667,
        1.0,
        0.983333
    ],
    "retrieval-image-val": [
        0.757857,
        0.918929,
        0.819881,
        0.499899,
        0.223377,
        0.235,
        0.104545,
        0.269444,
        0.211905,
        0.307567,
        0.265657
    ],
    "counting-image-val": [
        0.87619,
        0.463095,
        0.06553,
        0.029534,
        0.012946,
        0.00404,
        0.006166,
        0.002859,
        0.004308,
        0.001099,
        0.002221
    ],
    "overall": [
        0.820624,
        0.771475,
        0.65467,
        0.599052,
        0.538955,
        0.565308,
        0.55442,
        0.535033,
        0.558311,
        0.565958,
        0.548706
    ],
    "context_ranges": [
        "1k",
        "2k",
        "4k",
        "8k",
        "12k",
        "16k",
        "24k",
        "32k",
        "40k",
        "48k",
        "64k"
    ]
}