{
    "reasoning-image-test": [
        0.571204,
        0.532419,
        0.501034,
        0.542759,
        0.557712,
        0.513973,
        0.617131,
        0.600464,
        0.547168,
        0.545149,
        0.551972
    ],
    "counting-image-test": [
        0.619603,
        0.468699,
        0.083949,
        0.022921,
        0.016625,
        0.011562,
        0.007606,
        0.002784,
        0.002426,
        0.003125,
        0.002076
    ],
    "retrieval-text-test": [
        1.0,
        0.994018,
        0.991586,
        0.996429,
        0.987649,
        0.978429,
        0.991107,
        0.951919,
        0.983502,
        0.980148,
        0.969914
    ],
    "retrieval-image-test": [
        0.954111,
        0.937994,
        0.858245,
        0.626774,
        0.241611,
        0.271632,
        0.227665,
        0.248451,
        0.257474,
        0.24387,
        0.241555
    ],
    "counting-text-test": [
        0.824321,
        0.772565,
        0.667558,
        0.679306,
        0.649664,
        0.624583,
        0.602891,
        0.505687,
        0.531548,
        0.61217,
        0.565759
    ],
    "reasoning-text-test": [
        0.845795,
        0.846892,
        0.820571,
        0.766431,
        0.84009,
        0.829599,
        0.744559,
        0.819421,
        0.747425,
        0.784094,
        0.762869
    ],
    "overall": [
        0.802506,
        0.758765,
        0.653824,
        0.60577,
        0.548892,
        0.538296,
        0.531827,
        0.521454,
        0.511591,
        0.528093,
        0.515691
    ],
    "context_ranges": [
        "1k",
        "2k",
        "4k",
        "8k",
        "12k",
        "16k",
        "24k",
        "32k",
        "40k",
        "48k",
        "64k"
    ]
}