{
 "counting-image-test": [
  0.004878,
  0.005556,
  0.0,
  0.0,
  0.0,
  0.0,
  0.0,
  0.0,
  0.0,
  0.0,
  0.000104
 ],
 "counting-text-test": [
  0.254738,
  0.19121,
  0.220117,
  0.173003,
  0.029358,
  0.005913,
  0.0,
  0.0,
  0.0,
  0.0,
  0.0
 ],
 "retrieval-image-test": [
  0.321632,
  0.346331,
  0.265881,
  0.267366,
  0.240555,
  0.238692,
  0.060412,
  0.0,
  0.0,
  0.0,
  0.0
 ],
 "retrieval-text-test": [
  0.964089,
  0.910032,
  0.683771,
  0.392238,
  0.18276,
  0.06794,
  0.022833,
  0.004167,
  0.006452,
  0.0,
  0.0
 ],
 "reasoning-text-test": [
  0.573752,
  0.426286,
  0.467283,
  0.331615,
  0.194269,
  0.113228,
  0.019647,
  0.015196,
  0.0,
  0.0,
  0.0
 ],
 "reasoning-image-test": [
  0.500676,
  0.491875,
  0.457161,
  0.541194,
  0.506909,
  0.391486,
  0.210411,
  0.023988,
  0.0,
  0.0,
  0.0
 ],
 "overall": [
  0.436627,
  0.395215,
  0.349036,
  0.284236,
  0.192308,
  0.13621,
  0.052217,
  0.007225,
  0.001075,
  0.0,
  1.7e-05
 ],
 "context_ranges": [
  "1k",
  "2k",
  "4k",
  "8k",
  "12k",
  "16k",
  "24k",
  "32k",
  "40k",
  "48k",
  "64k"
 ]
}