{
 "retrieval-text-val": [
  0.9,
  0.842208,
  0.567179,
  0.340497,
  0.252778,
  0.111786,
  0.0,
  0.0,
  0.0,
  0.0,
  0.0
 ],
 "counting-text-val": [
  0.439112,
  0.432828,
  0.433489,
  0.496495,
  0.19,
  0.129092,
  0.0,
  0.0,
  0.0,
  0.0,
  0.0
 ],
 "retrieval-image-val": [
  0.270476,
  0.226151,
  0.216786,
  0.323687,
  0.194805,
  0.258889,
  0.076364,
  0.0,
  0.0,
  0.0,
  0.0
 ],
 "counting-image-val": [
  0.388571,
  0.29145,
  0.383009,
  0.205146,
  0.067808,
  0.066426,
  0.01511,
  0.0,
  0.001515,
  0.001242,
  0.000433
 ],
 "reasoning-text-val": [
  0.587879,
  0.533601,
  0.32453,
  0.445714,
  0.241212,
  0.129545,
  0.101587,
  0.025,
  0.057143,
  0.0,
  0.0
 ],
 "reasoning-image-val": [
  0.43039,
  0.47,
  0.340256,
  0.48202,
  0.56381,
  0.490723,
  0.234444,
  0.033333,
  0.0,
  0.0,
  0.0
 ],
 "overall": [
  0.502738,
  0.46604,
  0.377541,
  0.38226,
  0.251736,
  0.197743,
  0.071251,
  0.009722,
  0.009776,
  0.000207,
  7.2e-05
 ],
 "context_ranges": [
  "1k",
  "2k",
  "4k",
  "8k",
  "12k",
  "16k",
  "24k",
  "32k",
  "40k",
  "48k",
  "64k"
 ]
}