{
    "reasoning-text-val": [
        0.830556,
        0.901263,
        0.787009,
        0.805714,
        0.676825,
        0.79254,
        0.822222,
        0.805,
        0.866667,
        0.805772,
        0.627549
    ],
    "retrieval-text-val": [
        0.975,
        0.922857,
        0.969231,
        0.938889,
        1.0,
        1.0,
        0.942857,
        1.0,
        0.96,
        0.981818,
        0.917742
    ],
    "counting-text-val": [
        0.934415,
        0.852448,
        0.815705,
        0.840139,
        0.842593,
        0.843896,
        0.730913,
        0.871429,
        0.658889,
        0.707407,
        0.575249
    ],
    "context_ranges": [
        "1k",
        "2k",
        "4k",
        "8k",
        "12k",
        "16k",
        "24k",
        "32k",
        "40k",
        "48k",
        "64k"
    ]
}