{
    "retrieval-text-test": [
        0.975,
        0.981818,
        0.955556,
        0.96,
        1.0,
        1.0,
        0.955556,
        0.96,
        0.76,
        0.924675,
        0.95
    ],
    "counting-text-test": [
        0.700284,
        0.904087,
        0.846667,
        0.841192,
        0.821955,
        0.727576,
        0.736111,
        0.645833,
        0.555833,
        0.536154,
        0.776479
    ],
    "reasoning-text-test": [
        0.955556,
        0.935481,
        0.897778,
        0.933333,
        0.798333,
        0.793175,
        0.65,
        0.98,
        0.76,
        0.761111,
        0.766667
    ],
    "context_ranges": [
        "1k",
        "2k",
        "4k",
        "8k",
        "12k",
        "16k",
        "24k",
        "32k",
        "40k",
        "48k",
        "64k"
    ]
}